date_timestamp,Global_active_power,Global_reactive_power,Voltage,Global_intensity,Sub_metering_1,Sub_metering_2,Sub_metering_3
1166100000,1.344224961454075,0.16428141517126182,-0.4863531973515928,1.365774711317887,-0.00035749992312805127,0.22269634663887153,0.4167085441510764
1166400000,0.26708396925068517,-0.14704966539794562,0.3390399835237982,0.25848676668078946,-0.07882558113641791,0.24677144837625534,0.1786643835172825
1166700000,0.9746912165681931,0.024710755237822138,-0.017314662063185188,0.9899280414053404,0.08193720823827794,0.044649748138734374,0.1308261370607382
1167000000,0.6186444452781316,0.10048060914039031,0.7514339322127216,0.6025907214579467,0.10907982727428234,-0.052056222665743015,-0.04864452227350056
1167300000,0.9854783132664701,0.27454312395201913,-0.049542465556725944,0.9877220729608531,-0.0038727102562708276,0.3898603401312719,0.09910032532726244
1167600000,0.2548608476669752,-0.033923263191875976,0.22898561422499064,0.23901276656019368,-0.14704185018353255,-0.16196508155003111,-0.33935752222526744
1167900000,0.46528580354387206,0.19727174958235147,-0.15918976371716226,0.472736931424466,-0.05550909032597077,0.27535466419301824,0.013975338339015195
1168200000,0.33454787876649517,0.20558348373198282,-0.07509529071758116,0.3380643660593801,-0.06973443885688874,0.14933966435273077,0.27251099815061264
1168500000,0.659932915743705,0.3801565866645329,-0.2301510963936611,0.6772953003792481,0.17703448071623068,0.10810656100400261,0.14649892570360504
1168800000,0.419081826355483,0.06901628333337409,0.12375432754894895,0.4128231901063656,0.03644879488998626,0.08163165977590048,0.30991656194723494
1169100000,0.49107345127482177,0.13858080146669696,-0.31942136464121296,0.5092348601555918,0.17451643051650498,0.0018267682149503861,0.12010827856500966
1169400000,0.6038870950728409,-0.03791189931419479,0.2655281247011159,0.607807294377902,0.1589176000584639,0.17360256338945096,0.017373683715709604
1169700000,0.3221028364277989,-0.19593803321298608,0.4113485425322967,0.31483841141229996,0.011726120201770218,0.06120520203985824,0.1277842614788019
1170000000,0.33597877363447565,-0.029980882439396696,-0.043139279789872524,0.3336705108789671,-0.07359326903309177,0.04819240789836946,0.291950484291424
1170300000,0.7934093198375343,-0.012368260846641955,-0.3087176792304435,0.7916259436127924,0.0934155929149497,-0.013484434453521151,0.4200181992215369
1170600000,0.24006853734274827,-0.0784493938205089,0.011833855201553384,0.23743061706107377,0.024054755595232454,0.13465058730058535,-0.022741050521074727
1170900000,0.5262171108354217,-0.043633332752810866,0.022850719773406632,0.5250292325839488,0.09998868499475316,0.0163084700616538,0.1490773905523557
1171200000,0.36446386054225705,-0.09417621956595859,-0.1423614799195173,0.3606122566354089,0.035860159778362065,0.15974298715907376,0.14498987023912885
1171500000,0.4306984658759087,0.03684033645190313,-0.18516880903807242,0.4310314706276655,-0.012996554486445802,-0.013553559522001843,0.08341565435790367
1171800000,0.704620497773237,0.1772929879170347,-0.3308181210948543,0.7057739913634062,0.1668314721147447,0.393109218349864,0.20663538007930565
1172100000,0.05550456944630862,-0.26998576411537384,-0.28088426735810623,0.04690365394991503,-0.1209456935681934,-0.04396858965350295,-0.0973620608904484
1172400000,-0.6844727079957644,-0.4131745986117838,0.38630409301162283,-0.6922856328931829,-0.18141160031225617,-0.18353210291600464,-0.5842998005300873
1172700000,-0.6384043912688995,-0.38162843638120536,0.10310056338721726,-0.6462315211873727,-0.18141160031225617,-0.1832901651763222,-0.5440662430283836
1173000000,0.42333252081657163,0.08259045532859821,-0.18274244267764403,0.4272885569554618,0.08932784908422614,0.7078356551424198,0.09479892313718072
1173300000,0.3082609093368264,0.008293657050151358,-0.12205054501696007,0.3072712163793665,0.06068094031851549,0.10817568607248326,-0.06456683977269817
1173600000,0.20682602424994984,-0.1873736735819233,-0.03560444861255444,0.20516380813330842,0.10185269618156306,0.13658608921804452,0.03847669556539231
1173900000,0.20407519489148204,-0.20082686999449012,-0.35834700175138423,0.202135121949279,0.004989518368737804,0.06714995792919709,-0.039376307609788594
1174200000,0.4318107296598893,-0.022441257155548767,-0.050108288261958164,0.4301635486167197,0.24263459371168225,0.28143767021931854,0.2164026524556791
1174500000,0.3560031317584076,-0.23062600248728227,-0.00029982973171911286,0.3454417031524191,0.016173585489597457,0.11463887997542724,0.11404829205412104
1174800000,0.21758253084415768,0.026375948552046235,-0.02291204464338404,0.21704801108526917,0.042269742104936614,0.20387934338399072,0.032321650442568205
1175100000,0.4416121030046831,0.18097918508271021,-0.1788971955814968,0.4446741197372194,0.01359013138858017,0.18372938592187124,0.25727785558794747
1175400000,0.3005769031954286,0.01546323937528281,-0.16879083610518109,0.2967928662680524,0.16372478680339478,0.04029486882445128,0.4050939971476622
1175700000,0.17495417582022557,-0.01772320943191386,-0.00961799076712175,0.17493119141869737,-0.04994975871618675,0.22772749200982675,-0.02209940489051006
1176000000,-0.3412171602221258,-0.10167670569071154,-0.0775000372148183,-0.3380107170502549,-0.08736079025496868,-0.13307080292510504,-0.402215029367622
1176300000,-0.6774635841503521,-0.16670463947438546,-0.11948457611135438,-0.6788599642863654,-0.18141160031225617,-0.15723001435910425,-0.6111538584018683
1176600000,-0.38380998512518255,0.06618758956241652,-0.19571312517160397,-0.3711183254261239,-0.056097725437594954,-0.12280573025572342,-0.3701327478393881
1176900000,-0.28118417598671896,-0.05596928407848373,-0.23287211060386653,-0.2687125689888033,0.10008679084669049,-0.1331744905278261,-0.2684200330683947
1177200000,-0.11930780527469215,-0.03475230174361575,-1.1740286127531019,-0.09265097272674083,0.040667346523293006,-0.10040920806798169,-0.09603124032335124
1177500000,-0.323310983385992,0.10934804405950824,-1.7179733291533767,-0.29721322604426426,-0.08016636111289524,-0.09643451663034235,-0.3770244972047124
1177800000,-0.41683413339345954,-0.04062914909733769,-1.7844286188921774,-0.3941414969162875,-0.010740119891886453,-0.16120470579674362,-0.47531510194602744
1178100000,-0.28620437306569657,-0.05748503696707235,-1.6875188948551574,-0.25899365063706675,0.03226294520732535,-0.01887618979501454,-0.25021630888274493
1178400000,0.13020332357544498,-0.03827838416753896,-1.9097124059747803,0.16459749497587423,0.1224876270390556,0.05792176128702575,0.02093838166329118
1178700000,-0.2497075289014907,-0.02116389732690253,-1.771623251220769,-0.22073275532120723,0.02297559122392145,0.03552523909928405,-0.14893135786546138
1179000000,-0.1681687515022312,0.14753299458333757,-1.5632510097840853,-0.13693307699353663,0.0695758708941699,-0.03415282992924576,-0.23422269742459575
1179300000,0.016197235720667683,-0.1272239022636366,-1.671937768308456,0.04011397238512054,0.1841962079076583,0.1931303952352443,-0.06549366123906931
1179600000,-0.16849783262178267,-0.2220652009615918,-1.7249076685476241,-0.1526641634419288,0.026278488239146084,0.001688518077989074,-0.2406629183832264
1179900000,-0.07219866500689025,-0.10156640442417107,-1.815880346593888,-0.05155124916674614,0.18331325524022204,0.15317610565340878,-0.18436445546442187
1180200000,0.008228228609681431,-0.09813994895067152,-1.7523198019429211,0.03339661765457145,0.14923782266731053,0.05819826156094849,-0.10152087516262681
1180500000,-0.21211248100113725,-0.24177176756592958,-1.8130308486252888,-0.1985058150721428,-0.04514257197125584,0.05017975361718912,-0.23529210680887017
1180800000,-0.020347108605136294,0.2610614626964742,-1.9065484934243442,0.01246703999478535,0.2929628957555506,0.1117701896334788,-0.15827086648812502
1181100000,-0.05284101915114898,0.21896195993173181,-1.467827110761944,-0.02931526806340105,0.06395113538309434,0.2350720305358995,-0.11404484728512995
1181400000,-0.3373641371139361,0.27089072878738024,-0.06702397807793323,-0.32042173504718197,0.017547067416720567,-0.1124196887165006,-0.28030235956033317
1181700000,-0.3232134589725761,0.33925082825218844,-0.20189517062353035,-0.30366451163793207,0.03272077251636636,0.07931596998179759,-0.26069652084863465
1182000000,-0.11225954129612307,0.3008268483370049,-0.16536316122381212,-0.09991981956841163,0.09282695780332549,0.08187359751558286,-0.20784393261249237
1182300000,-0.5317254883415953,0.23202376475334854,-0.13441340050005904,-0.5053478889314562,-0.09334524722314799,-0.0033921744553412447,-0.4538318556486027
1182600000,-0.475650597571833,0.06475367309739023,-0.08131686963362855,-0.45642782641866886,-0.10076859001974196,-0.01116874465941823,-0.40798984004270406
1182900000,-0.18437580663949515,0.16031193002785848,-0.29449180925064095,-0.16719281627098984,0.06241414370274225,0.18639070105837757,-0.1367400908847325
1183200000,-0.32787303482470104,-0.003191907091548137,-0.18932599987454965,-0.31474859898605206,-0.0167245768600657,0.040847869372296744,-0.35254690463131916
1183500000,-0.2696716568205162,0.35889512801251144,-0.07748582987614978,-0.24600194303572215,0.09799386600536004,0.16617161852777743,-0.32386296847977963
1183800000,-0.34493889288365837,0.05628182420600658,-0.22178173849716326,-0.3320799166421255,-0.05675176445051076,-0.06163004465031778,-0.18284351767345378
1184100000,-0.45230217813926776,0.08210655299796901,0.026413055516937647,-0.43500100177344514,-0.11456881319226468,-0.034221954997726456,-0.3375276439455089
1184400000,-0.36634721571591183,0.40790091330483697,-0.8544277345911405,-0.3384853618999909,0.025101218015897684,-0.09481007752104625,-0.33702858623284754
1184700000,-0.49643894829490837,0.044625471006437975,-2.129042829497513,-0.46350681532044535,-0.04772602607227311,-0.0818145646466776,-0.4491977483167467
1185000000,-0.2985356050172038,0.01809445829807916,-1.8264027340090394,-0.2662941404687201,0.12160467437161931,-0.09259807532966437,-0.2493845460283092
1185300000,-0.4717434242794217,-0.3587498188374856,-1.6129408679219615,-0.45194356269544916,-0.08945371509629915,-0.03477495554557195,-0.40547078682641313
1185600000,-0.5097735736600134,-0.21364316554541998,-1.7231786972027057,-0.4867598925303675,-0.07611131923281748,0.13198927216407896,-0.49610917330691984
1185900000,-0.32528503602019154,-0.23945899907395168,-1.8534982908361803,-0.3106802145597437,-0.051028923087497756,-0.2227951418130333,-0.069997062979514
1186200000,-0.3321241092870827,-0.2061747023690175,-1.8382711123354374,-0.31105993043953256,-0.1077014035566491,-0.18747223181940362,-0.07542728618632989
1186500000,-0.2889232823155705,-0.3684954694521432,-1.9602448210667356,-0.2716146832129032,-0.12997143194643102,0.11913200942667168,-0.11749072196779216
1186800000,-0.26757594969080895,-0.32969433036749857,-1.656167622386426,-0.25454555033096965,-0.07195817150080235,-0.12477579470742294,0.07326814753378826
1187100000,-0.37880802810825864,-0.23468580071704656,-0.28713611408262135,-0.3741018073387499,-0.13091978851515887,-0.19421192599627035,-0.17062848603974104
1187400000,-0.3933001374111856,-0.19606256690101564,-0.005600402475821798,-0.38431797267592416,-0.1141436878338694,0.32726759062201216,-0.36027041685107913
1187700000,-0.2119920205913245,0.06121513730466402,-0.06921654106070829,-0.2036771837206947,0.06192361444305544,-0.019619284281181905,-0.19579525354966676
1188000000,-0.239170473053866,0.5850447473688548,-0.30649392187363544,-0.2119992900860654,0.09626066262113325,0.026124229785910974,-0.250976777778229
1188300000,-0.344565351612851,0.05286604304862384,-0.15846704257619962,-0.33364398443268395,0.0318378198489301,-0.011929120412705748,-0.30439971768598445
1188600000,-0.12342359927684238,0.3048795303560246,-0.32392447328874935,-0.10520871932261248,0.07232283474841615,-0.050742846364609996,-0.15865110093586704
1188900000,-0.16519524138619157,-0.04876056259425725,-0.5313108489639149,-0.14966259982074134,-0.019111819257208253,0.18404044873003433,-0.12062765616166392
1189200000,-0.15782283630487717,0.05080945814344963,-0.3805660440081581,-0.1400160083032503,0.048385006875699035,0.021942163142829575,-0.1671350820511111
1189500000,-0.28218357938674254,-0.0877965366334719,-0.39971506569178283,-0.2658646998903875,-0.11214886884447631,0.004937396296581227,-0.24648525836427626
1189800000,-0.12384008069373426,0.08901283552555224,-0.39487468717846413,-0.10571500716233086,0.16751821307830622,-0.02257438095873113,-0.20095218324716804
1190100000,-0.26083206674776044,-0.2210582571412383,-0.4073740566548561,-0.25056757444746824,-0.0851370576110551,-0.03235557814874798,-0.12423988341521319
1190400000,-0.13866925114336126,0.15689081171241737,-0.4926730648893749,-0.11996339350869066,0.0747754810468503,0.10914343703121285,-0.16482991071167505
1190700000,0.1425761656685121,-0.14740191782980072,-0.5838804728788572,0.14203152269128416,-0.04942652750585411,0.32343114932133427,-0.025378927002285064
1191000000,0.12453484429097682,0.038146161123527596,-0.39565856164673885,0.13098359876028692,0.0640165392843859,0.29581568446330087,-0.13020481131416634
1191300000,0.05410084467076225,-0.2069112301810781,-0.6225781748599557,0.054651666068462224,-0.0709117090801371,0.24597651008872745,0.01606662780159636
1191600000,0.0038418736870686173,-0.1302269431978356,-0.591643856895625,0.004863681544729179,0.05855531352653921,0.09500736052691287,-0.11974836400126043
1191900000,0.06507300199862529,-0.1716895451009409,-0.635568624085976,0.07089808121085345,0.06539002121150903,0.10205811751194269,-0.08766608247302658
1192200000,0.10020754152819836,-0.3008309795876144,-0.5650940471864674,0.10448485486359878,-0.019209925109145643,0.18891376605792257,-0.11192979316956496
1192500000,0.1506211730380553,-0.20769045525760607,-0.5012413255272316,0.15204878923428328,-0.06610452233520622,0.1773007545531676,0.08198977517887103
1192800000,0.12948132111915422,-0.2678224360490314,0.1103469238185271,0.11842585216441522,0.017252749860908467,-0.04583496650248142,0.1440630487727576
1193100000,0.19358221919382035,-0.2804501520152307,-0.027942369097597015,0.19236195847185833,0.04763286201084591,0.06117063950561793,-0.013092601409620687
1193400000,-0.3847189482175234,-0.4946267467938731,-0.011731795676843178,-0.38326923357936477,-0.1364791201249429,-0.03124957705305705,-0.431588140455694
1193700000,-0.49867373589777464,-0.5240949754870439,-0.030615201898404904,-0.5100129697402899,-0.18141160031225617,0.021320037526503376,-0.3819437803723749
1194000000,-0.1770892818503501,-0.38843153385299267,-0.3663031114057419,-0.18188420447710318,-0.09602680717610262,0.02000666122537041,-0.12732928830311724
1194300000,0.11132029933439173,-0.06664360019530481,-0.3117988185903765,0.11670808985108508,0.07569113566493235,-0.006468240002731674,-0.13279515848940893
1194600000,0.48172351946585623,-0.015193396512227278,-0.4901738087044734,0.48116300761406455,0.08543631695737733,0.007356773693405165,0.29763023635457064
1194900000,0.19614874792528766,-0.256831448554078,-0.04330853243314065,0.18728099836611325,-0.06240920191223212,0.07053708628475065,0.10839230464395833
1195200000,0.4644745007837769,-0.1985603568723518,0.21797430904652948,0.44867017732928216,0.13841347700355455,0.09096354402079286,0.2625060792444004
1195500000,0.21601179550043242,-0.2927647547086699,0.24324762026184144,0.2069991015522876,0.018446371059479744,-0.052885723487511214,-0.002030155445625956
1195800000,0.2079626081166686,-0.2718964667002848,0.18194943986623896,0.19791304300019905,0.05721453355006189,0.14802628805159773,0.1767632112785724
1196100000,0.2956194063297605,-0.3279686492619458,0.4690016139938647,0.2854556350000733,-0.005998337048247095,0.19907515112458318,0.03956986960265067
1196400000,0.705223939826179,0.36188037841984905,0.16592603268968312,0.6971218938167907,0.23020785246628256,0.3077051962419786,0.38482274815241513
1196700000,0.4234689412806814,-0.1082663168401624,0.003625102003047073,0.42391631830876625,0.13396601171572733,0.0052830216389846375,0.07631002311572442
1197000000,0.29120759132053115,-0.12926625474732176,-0.1553649010634524,0.28990373530617036,-0.007796944333765476,0.0748228405305531,0.11129159230799132
1197300000,0.2308626260237481,-0.32934563604101574,0.3331402317141111,0.22215157332671587,-0.03729410381626663,-0.02613432198548638,-0.019794233551074
1197600000,0.5427813671879032,-0.20587937962311875,0.34987832979672995,0.5250382734382295,0.01793949082447002,0.1190283218239507,0.38836368144701283
1197900000,0.42827671763699254,-0.33385375554768654,0.663674892402234,0.4050344941435553,0.00992751291625186,0.0828067859400721,0.1508597395261465
1198200000,0.4734052911668009,-0.2028976873211534,0.5832388091097904,0.45456481432028883,0.09511609434853069,0.1246965774393668,0.21991982109729288
1198500000,0.6937038206341205,-0.1264019799226414,0.4480417743403833,0.6711656011769436,0.18906879855388084,0.04451149800177301,0.09700903586468126
1198800000,0.7563424737341514,0.048788454291998185,0.30270811228619293,0.7398037668759051,0.15904840786104701,0.31233657583018437,0.3023118729923943
1199100000,0.4136546478919332,-0.2949351989857569,0.27049698697282815,0.3961156913956594,-0.06397889554322995,0.09549123600627764,0.21751959114592137
1199400000,0.2894774454344827,-0.3208880195711212,-0.2237849732494211,0.2904733091258535,0.03468288955511371,0.061274327108338904,0.13503248063888443
1199700000,0.21904458581814648,-0.3503669225804087,0.0036634000464143483,0.21505450271637805,-0.04883789239422992,-0.07783987320903826,0.07374344059346571
1200000000,0.4933794891200852,-0.2823199363883605,-0.1268356384515473,0.4959131613730023,0.27551640508602254,-0.10571455707387423,-0.03356584995523067
1200300000,0.4250041465035313,-0.3413044281972276,-0.08268818667032687,0.4337618086204324,0.10862199996524127,0.15220835469467917,0.16148253940993945
1200600000,0.2057882407193551,-0.3042787836933476,-0.2763601565577557,0.21185404030101548,-0.007110203370203915,0.035801739373206756,-0.045412529467693356
1200900000,0.23761220898618854,-0.3580132910254249,-0.14740076117419507,0.24756541470972185,0.007801886124275613,0.07081358655867342,0.06865780485491606
1201200000,0.5692526372445724,-0.25199598335315804,-0.044276484593729036,0.5703329533844621,0.1376613321387014,0.00822083704941371,0.0835582422758069
1201500000,0.33274097261930435,-0.39465821825447156,0.08040032474684537,0.3359849695748225,-0.09543817206447842,0.014718593486598064,0.07257897259725575
1201800000,0.4396089261897689,0.04301009116742573,-0.11391066652547734,0.44168611739745284,0.14899255803746714,0.04029486882445124,0.09261257506266404
1202100000,0.19507980428868452,-0.3526761329670143,-0.2671754209637614,0.1912951376667375,-0.03840597013822343,0.0724034631337291,0.13065978448985102
1202400000,0.2967696702430196,-0.2644600264722327,0.11921045001653788,0.29072645304571265,0.00014962967316112588,0.04893550238453676,-0.013330247939459456
1202700000,0.20015890156804375,-0.3596037641268312,-0.05827380173408205,0.19500188792181836,0.04282567526591504,-0.018426876849890098,0.10601583934557063
1203000000,0.2821544405212304,-0.34920342212367517,0.28263128961647743,0.2727984390071141,-0.0059002311963097165,0.0013428927355856224,0.0037803022089319604
1203300000,0.2374396883992643,-0.25002123487154615,0.18252946991013977,0.22810045544340668,-0.0003736015371715049,0.14342947099763223,0.08819234960766288
1203600000,0.033513514631570006,-0.35365105383901735,-0.10030713975039245,0.026317628752794996,-0.06352106823418896,-0.05965998019861828,0.027544955192808935
1203900000,-0.6900002068006095,-0.5655575773901491,-0.3482097567562239,-0.7033787610955836,-0.18141160031225617,-0.1860551679155496,-0.5787388717318601
1204200000,-0.3004688615942456,-0.4298016250164189,-0.5432314238171598,-0.3123166091845478,-0.18141160031225617,0.13817596579310024,-0.4242923919896437
1204500000,0.10939635278902327,-0.3636493299351064,0.0004871332884402293,0.09412403585793354,-0.10312313046623872,0.28382248508190216,-0.2548266515616171
1204800000,0.26286405489431197,-0.11596961497113496,-0.0012887840451217554,0.25625367567346025,0.18517726642703197,-0.07369236910019725,-0.19995406782184522
1205100000,0.1242065231740109,-0.2632289220134261,0.14355565139057103,0.11643686422266446,-0.037523017470787144,0.011953590747370693,0.053947484657896234
1205400000,0.17956207149653186,-0.11327257109895149,-0.08858299679699887,0.18086199182682686,0.09701280748598642,0.06604395683350617,-0.010882488682120111
1205700000,0.033218253627076345,-0.17138710614429764,0.3022052960394036,0.0247354792536751,-0.04488095636608954,0.16793430777403487,0.006370649384174556
1206000000,0.24960238977742152,-0.03227941850988549,0.2900629631608546,0.24281896621236215,0.21833704438186147,-0.022297880684808404,0.26809077269561155
1206300000,0.19555632590983643,-0.2762231228329696,0.5345999851781947,0.18428847559920647,0.03373453298638584,0.3156027353158967,-0.040184305811240426
1206600000,0.2755374780099718,-0.15038716823713832,0.2563835402816197,0.2622568029158352,0.1388713043125956,-0.033288766573237226,0.29446953750771493
1206900000,0.12917162006553476,-0.19206325646258007,0.01416818271582494,0.12425720317545716,0.014963613315703264,0.1540747315436576,0.06618628094459288
1207200000,0.026700851454527327,-0.14518521818287422,0.0693006869844886,0.016544465275374363,0.02088266638259098,-0.0691646771147124,0.14551269260477415
1207500000,0.14127998125882382,-0.16614245882556622,0.47068147736382004,0.12625523197148855,-0.012277111572238476,0.19188614400259196,0.1481268044330006
1207800000,0.3355925023203601,0.2816095212213547,0.09949807646918823,0.324629656598282,0.23334723972827834,-0.06836973882718451,0.33192263061030497
1208100000,0.09210249395439524,-0.05123700393335973,0.1899796747658236,0.08599630785959764,-0.04988435481489517,0.11332550367429424,0.09263633971564794
1208400000,0.11848218369950343,0.12886005758964528,0.13000864511497176,0.11751272588206604,0.08713681839095831,0.016170219924692406,0.13039837330702841
1208700000,-0.00024010020002375692,0.09101960695551459,0.15815029446537762,-0.0058045265064793124,-0.04749711241775262,0.21276191468375868,0.026927074215228122
1209000000,-0.3665947865581609,-0.06662580966844343,-0.023658547633856993,-0.37445440065569674,-0.13651182207558868,-0.10545533806707168,-0.32219944277090823
1209300000,-0.2252381056552108,0.07237869291017274,0.07184565373728004,-0.22987305899897992,-0.0783350518767311,0.01565178191108727,-0.20244935638515227
1209600000,-0.3216847137717036,0.031072647643447478,0.17087327509820416,-0.3258146046256106,-0.04700658315806576,-0.15591663805797124,-0.2980307906863054
1209900000,-0.03513561891643529,0.13864840546877014,-0.03914331136176377,-0.035829203572634694,0.0013268998964094828,0.08049109614596918,-0.0033490936862311345
1210200000,0.19234759499356313,0.48946336275346675,-0.19867381100804304,0.19243428530610385,0.2570888558971207,-0.1404326227182979,0.14784162859719407
1210500000,0.007104944788210157,0.465741474236518,-0.05885753804024408,0.01738526472347806,-0.005736721443080814,0.09746130045797723,0.060126294433704264
1210800000,-0.09143129043730536,0.48917159811294025,-0.2717242401791877,-0.07314985004330293,0.016762220601221615,-0.06691811238909014,-0.04579276391543536
1211100000,-0.09783165221167665,0.06341226737204304,-0.09461555633771761,-0.09002008413106145,-0.03840597013822342,0.06611308190198684,0.05104819699386321
1211400000,-0.12881695762533446,0.21858480076227083,-0.2264973395143502,-0.12403177793499895,-0.08415599909168145,-0.130340362720118,0.10701395477089347
1211700000,0.0017742866530274803,0.30906386227381843,-0.25641614161907184,0.02431959995676356,0.025003112163960332,0.2969908106274725,-0.033482673669787105
1212000000,-0.107033763517749,0.28772590435629314,-0.3029266444470893,-0.0844418770398787,-0.021629869456933973,-0.011237869727898924,0.054684188900396384
1212300000,-0.020093647742848903,-0.023679477825100017,-1.4105369441467996,-0.0026944726339236417,0.02330261073037932,0.1576001100361725,-0.019271411185428657
1212600000,-0.12389860089282315,-0.05440371771468332,-0.9221948869087353,-0.10987380013144603,0.02094807028388256,-0.08606575635823972,0.012311812630143774
1212900000,-0.17701404159437875,0.1203099303800716,-0.34187637226195927,-0.15887523033275947,0.027455758462394432,-0.0014912350721224192,-0.008577317342684026
1213200000,-0.07054185937034929,0.5602465319767933,-0.3387581702794127,-0.04925487217945212,0.03514071686415472,0.09937952110831617,-0.03751078235055425
1213500000,0.01407758850951509,0.24859386147202714,-0.2880355003913748,0.03187775413541635,0.2553229505622482,0.050179753617189064,0.14180540673928935
1213800000,0.1162990762724558,0.354963421576149,-0.338978692883963,0.13027841212639343,0.17909470360691537,0.22440948872275393,0.2398346002977818
1214100000,-0.07228454529905956,0.41899508585558626,-0.7206384617706684,-0.05140659549825517,0.16267832438272953,-0.03242470321722865,0.1881702447108333
1214400000,-0.13322839263327113,0.45045941166260256,-0.5071929650085776,-0.1056878845994888,0.06107336372626495,-0.04275890095509095,-0.022194463502445524
1214700000,-0.4353799605689831,0.29948900071702994,-0.28575491367989275,-0.40247200807153993,-0.03686897845787139,-0.15446501161987686,-0.2614807543971026
1215000000,-0.24263684484664733,0.2289922589761714,-0.3689166440103682,-0.22816433753993043,-0.07195817150080236,0.1291897068906113,-0.08098821498455712
1215300000,-0.20817566760788858,0.2126392066852015,-0.24171895862170123,-0.19659367439177794,0.07588734736880708,0.0051793340362636334,-0.14263372482473394
1215600000,-0.2308256446643157,0.42212977668855944,-0.30133356938508704,-0.21167381933196075,0.050543335618321056,-0.09709120478090884,-0.10021381924851357
1215900000,-0.2823956201081163,0.06802357193450975,-0.19991849741747866,-0.26982459406532755,-0.01126335110221904,-0.006053489591847579,-0.18222563669587297
1216200000,-0.1769562813978755,0.23789463861760018,-0.3256404727157527,-0.1612981792799831,0.0390976528922951,0.015582656842606627,-0.10926815203537064
1216500000,-0.41477325046385877,-0.06370816326317902,-0.39720901469273573,-0.40152271837206804,-0.062343798010940574,-0.1465847538130788,-0.2442751456367757
1216800000,-0.3931473768914862,0.0631347351530057,-0.3447740516399556,-0.3836670311677149,-0.07552268412119328,-0.1488658810729414,-0.16920260686070837
1217100000,-0.3793996901211243,0.1945213341295839,-0.3821560305182758,-0.3443483559010152,-0.0952746623112495,-0.149937319634392,-0.2513332475729871
1217400000,-0.3582415981401695,0.34737754092246154,-0.3086404654333322,-0.3273425089990465,-0.028791596648361617,-0.05018984581676452,-0.2822272964520272
1217700000,-0.5265576607603707,0.015132335575661366,-0.9219193880806419,-0.5107769219270077,-0.14115549906729066,-0.018254064178688377,-0.3537470196070049
1218000000,-0.8156913344085136,0.17964133746273533,-0.27731575451080615,-0.7951434320445379,-0.18141160031225617,-0.16234526942667485,-0.5908826094066212
1218300000,-0.8166781977658754,0.0658780343950287,-0.11415929495217601,-0.8029637709973304,-0.18141160031225617,-0.1659052104534301,-0.6097517438758194
1218600000,-0.8542436055653916,0.012986798036180329,0.09987426208871504,-0.8405104388250159,-0.18141160031225617,-0.1693614638774643,-0.6252462976213073
1218900000,-0.8547284872149846,0.011211303455415758,0.16633186840730063,-0.841513973650172,-0.18141160031225617,-0.17015640216499217,-0.6247947692146136
1219200000,-0.8624900136201104,-0.039224840196563776,0.0431523890203104,-0.8508622169764003,-0.18141160031225617,-0.17129696579492348,-0.6352987458334873
1219500000,-0.8676785512717917,-0.07526488951232396,0.2360707522479319,-0.8576609393954755,-0.18141160031225617,-0.1731287801096616,-0.6416439081801824
1219800000,-0.8610676687812178,-0.04485376289550075,-0.11774510369002898,-0.8496778650656306,-0.18141160031225617,-0.17212646661669168,-0.6342293364492128
1220100000,-0.2256154469389459,0.15662929096755526,-0.29725390120090955,-0.2142685445105174,0.05662589843843771,-0.026479947327889806,-0.05904155795394677
1220400000,-0.2516390754727149,-0.11981236877319051,-0.4211459095076438,-0.24642686318691445,-0.035691708234623,-0.04286258855781198,-0.023240108233736127
1220700000,-0.07901816820720303,0.09848095392117251,-0.17081321987912254,-0.07234521401232195,0.04805798736924113,0.0696038978602614,-0.007507907958409581
1221000000,-0.22945498000124162,-0.01724642331202919,-0.3582537274844736,-0.22249572190594086,-0.05449532985595133,-0.1609973305913015,-0.019057529308573778
1221300000,0.004074054476960006,-0.051012843294906504,-0.1816824516708989,0.01740334643203947,0.03321130177605321,-0.01421024767256834,-0.01798811992429932
1221600000,-0.0455077542029914,-0.01938840274613795,-0.06656409270233787,-0.04521361031598586,0.06977208259804467,-0.06401485951290138,0.03854798952434394
1221900000,-0.15715441403086902,-0.040989660461211525,-0.1372999610912714,-0.150476276706003,-0.017117000267815156,0.024983666155979693,0.050335257404346925
1222200000,-0.1326367306204054,0.02930782737879975,-0.16467070789131727,-0.13268387548161464,-0.042362906166363824,-0.014313935275289345,0.0007384266269957131
1222500000,0.09626920812977856,0.11339297353637155,-0.16057281725102146,0.09308433761565477,0.05669130233972929,-0.10224102238271984,0.16076959982042313
1222800000,0.11792434180169561,-0.02562220335836146,-0.1555600975425501,0.11555086050315733,0.16176266976464745,0.007771524104289307,0.09185210616717997
1223100000,0.015682333968944563,-0.15615841515096623,-0.3788296601387169,0.01915727216249236,-0.08343655617747409,-0.07023611567616299,-0.020388349875670876
1223400000,0.12282787848378834,-0.050262083061356745,-0.35660258764704367,0.11669000814252373,-0.0802971689154784,0.08042197107748852,0.11991816134113863
1223700000,0.08845790155529798,-0.12416037353810898,-0.29156509748493076,0.08491140534591542,0.006363000295860916,0.08467316278905057,0.0994567951220206
1224000000,0.16247873337810653,-0.1570586158101515,-0.37906994947532774,0.16104443924356504,0.02009781956709206,0.15334891832461045,-0.06347366573543982
1224300000,0.2944934624992397,-0.10744795260453947,-0.26843678555337314,0.2915039665138517,-0.10485633385046549,0.22748555427014439,0.09888644345040756
1224600000,0.204722717094387,-0.12107905428571997,-0.09539943080599252,0.20421451843383653,0.15303124894222195,0.0595116378620815,-0.02074481967042907
1224900000,-0.48852409136814395,-0.3474670667020056,0.3242242001340646,-0.5032142473212146,-0.15731026268631013,-0.17497787569151993,-0.31070923305320375
1225200000,-0.07377985038616702,-0.30912848131575665,0.19752191846766426,-0.08402599774296718,-0.07349516318115441,-0.1818731012724682,-0.26086287341952186
1225500000,-0.49224449402515175,-0.3906909307643864,0.3220517127385385,-0.46013457667374985,-0.14991962184036195,-0.18218416408063126,-0.5845374470599259
1225800000,0.4080678688854136,-0.004088549645361149,-0.2981103566384691,0.41636720498439417,0.13455464682735152,0.37444544986007927,-0.0843390310552838
1226100000,0.2892209445618531,-0.11994046056659238,-0.4103569800648634,0.2932850148071466,0.0945274592369065,-0.06878448923806861,0.0356249372073271
1226400000,0.26026788606200746,-0.23631185487217568,-0.09321891317556678,0.25175133024167906,-0.025292487929262274,-0.032182765477546255,0.10076385103613382
1226700000,0.42070367187308777,-0.19631163427707485,-0.16788465498228178,0.41927836006277475,0.150709410446371,-0.008991305002276675,0.1715349876221194
1227000000,0.1325350115079714,-0.2295443384541111,-0.3031984370129213,0.1341659794670881,-0.039648644262763405,-0.088519696289304,0.059342060885236275
1227300000,0.7420876752385684,-0.20175909360202585,-0.24050083375847203,0.735211012901317,0.007834588074921387,0.13532455671827198,0.038464813238900365
1227600000,0.31937024713138473,-0.27453658088651184,0.33480187262794825,0.2961057613427204,0.02820790332724758,-0.18373947812144664,0.1839401364797032
1227900000,0.32508394656969425,-0.19151886634062218,0.5513303618811025,0.3098840232664845,0.10070812790896051,-0.004290800345590133,0.09102034331274428
1228200000,0.17582361877811675,-0.30899683141698253,0.7246568050848681,0.15857628602493795,-0.10874786597731431,-0.18781785716180702,0.18153990652833163
1228500000,0.44499981452985793,-0.13572421599799847,0.5392627719581574,0.425760652582026,0.12098333730934935,0.0022760811600748476,0.1456552805226774
1228800000,0.20410179498197695,-0.26175586638930476,0.7780529254840911,0.17615170674658986,-0.04167616520280229,0.022495163690675012,0.2160937119668887
1229100000,0.21296532513617814,-0.20976838879501397,0.4298730590248847,0.20087844320426376,0.08880461787389352,-0.11544391046253057,-0.0920625432750438
1229400000,0.18888616321758803,-0.33483935073580634,0.630190974857285,0.1684941031708496,-0.005605913640497654,-0.19009898442166961,0.21224383818350065
1229700000,0.49252695621972287,-0.21810858778762346,0.40931287798525195,0.47369074155107826,0.030644198650358806,0.337256163017471,0.2174245325339858
1230000000,-0.18817467956346298,-0.3277693953610985,0.7721679987234493,-0.20675559460326803,-0.11185455128866421,-0.12297854292692514,-0.14752924333941264
1230300000,0.06818977260204477,-0.41894228742023953,1.0416330318554192,0.027520062372126057,-0.08147443913872676,-0.1950068642837982,-0.20282959083289434
1230600000,0.00009734094796896748,-0.34302299309203577,0.8286224031986598,-0.015559608275338602,-0.0591063048970075,0.11812969593370176,-0.1492165337012679
1230900000,0.270784041838529,-0.03226874419376871,0.9984649598767599,0.2511455930048731,0.1966556511037037,-0.0019751105514872564,-0.051377457366646444
1231200000,0.13063082502982767,-0.3317580314834173,1.439545996178884,0.10182684370507732,-0.002858949786251396,-0.0666416121151674,0.14867339145162975
1231500000,0.23579352279892132,-0.24773693122254645,1.2326476117014622,0.2153257283447986,0.11784395004735365,0.12203526230286048,0.040259044539183095
1231800000,0.12939639083021687,-0.36794040501406844,1.014212868225222,0.10339995234991652,0.019689045184019666,-0.1821841640806313,0.196143285786924
1232100000,0.8934416201527429,0.00399902386581699,0.4401647316142677,0.8716194222882945,0.2921780489400517,0.23457087378941455,0.40117282940532245
1232400000,-0.01568829275559684,-0.3371272124901783,0.9675553503275048,-0.0373480670917898,-0.10626251772823439,-0.12097391594098529,0.04320586150918381
1232700000,0.45138611625639613,-0.20690055586496134,0.568705937072673,0.4248294445911154,0.16418261411243582,0.1539019188724559,0.15364020392526007
1233000000,0.16849871385840046,-0.3729288687459962,0.8891926119150964,0.14772726088811577,-0.040204577423741804,0.04254143355007348,-0.00855355268970021
1233300000,0.45991904528587485,-0.0999510245851588,0.9816311166857229,0.43819182721796807,0.2512352067315246,0.03932711786572167,0.21816123677648602
1233600000,0.27037288043973606,-0.3106726990473234,1.0945034807239078,0.2385878464090015,-0.05593421568436602,0.06072132656049347,0.384846512805399
1233900000,0.5509407549465746,-0.21863874548809223,0.6067581317099202,0.5321715074656901,0.28920217143128496,-0.046180591844884857,0.4668820949057423
1234200000,0.32131015373105026,-0.11599807981411313,0.5775725518225682,0.3040165088383199,-0.010642014039949068,0.1624043022955801,0.2618881982668196
1234500000,0.1159008349176175,-0.3966365248414558,0.4376191471510994,0.08939566906913524,0.009731301212377126,-0.08941832217955291,0.1088200683976681
1234800000,-0.4119699809269866,-0.41519916056860756,0.3399356635702904,-0.42988387825057744,-0.14720535993676148,-0.1893386086683821,-0.34325492531462326
1235100000,0.2816144586841834,-0.1566387593762232,-0.01245204597629821,0.26971550769740044,0.10715041218618082,0.14892491394184665,-0.13595585733626456
1235400000,-0.02731861232256287,-0.34937776928691666,0.030866129623945828,-0.0417690448350448,-0.10606630602435967,-0.07642280930518423,0.05031149275136303
1235700000,0.24691559063678797,0.08179521877789507,0.34713909313040636,0.2454588956623222,0.26081687827074057,0.07089999289427425,0.08757446863008211
1236000000,0.08749003826257552,-0.3181482784344704,0.455601931643154,0.08292241740416469,-0.02009287777658193,-0.11005215512103718,0.0005483094031246942
1236300000,0.19744607233885433,-0.15057574782186883,0.34719190736763056,0.19001133635888018,0.12768723719173594,0.0035203323927271817,0.25349927576351106
1236600000,0.3196107879497174,-0.2876055019188731,0.31562134771510186,0.3069728681881039,-0.0023030166252730176,0.05681576019133481,0.192661764124786
1236900000,0.12121173298557535,-0.16835560036712047,0.46150044803208723,0.10393336275247692,0.03952277825069037,-0.02012044102766686,0.22182099333600308
1237200000,-0.03417098563470153,-0.14904398345910502,0.49085126544525753,-0.05040758110023948,-0.10838814452021066,-0.05710235266483298,0.1427084635526767
1237500000,0.050710093135245105,-0.18587215311482383,0.4858122930457683,0.04109942550171522,0.09720901918986113,-0.052678348282069166,0.02906589298377705
1237800000,-0.039812674828028354,-0.18282285681078525,0.5625615719537371,-0.047880662328787967,0.0006728608834937368,-0.08081225115370766,-0.03588290362115867
1238100000,0.2501419916131758,0.05742753413587873,0.5585087741709542,0.23938344158570177,0.05538322431389774,-0.04853084417322811,0.05223642964305705
1238400000,0.06527440268380115,-0.26624975347448643,0.4725797013520065,0.05329553792635945,0.01787408692317846,-0.03194082773786386,0.1837024899498644
1238700000,0.02167799436650024,-0.07565272299790177,0.35186612178956567,0.020314501510420087,0.06905263968383726,-0.050120720748283866,0.03999763335636042
1239000000,-0.02502948453482833,-0.17169310320631317,0.4070869586421248,-0.033135028996990515,-0.04952463335779149,-0.09515570286344971,0.09287398624548669
1239300000,0.37459355500401653,0.3452177709614914,0.14694379280781886,0.3675917961400978,0.3384840110544881,0.08152797217317946,0.40960928121459866
1239600000,-0.09232885349086263,0.05637077684031341,0.1018941750211489,-0.08844697548622223,-0.05799443857505068,0.07599796669472472,-0.11573213764698523
1239900000,0.04300860693437922,-0.09886580244661534,0.21950499536046564,0.03652475323568854,0.018887847393197897,0.06625133203894819,-0.06993765134705436
1240200000,-0.020822870223702616,0.041590407123888506,0.11291103959300224,-0.02560399738117977,-0.08497354785782614,-0.06978680273103854,0.04420397693450666
1240500000,0.038349411083547044,0.203284947661494,0.19276307772409496,0.0389205796200701,0.018985953245135245,0.035801739373206756,0.08940434690984064
1240800000,0.027834015309611073,-0.17518716268188592,0.2804279167021068,0.026579813526934858,-0.013552487647424217,-0.10524796286162959,0.10639607379331269
1241100000,0.007197285102356783,0.0072618064921919625,0.2875507350580384,0.0025673045574351235,0.005120326171320954,-0.07645737183942455,0.06796862991838362
1241400000,-0.04370084805580057,-0.22265584645338923,0.035815842873974525,-0.051921924192254235,-0.08023176501418683,0.0501797536171891,0.08070648391774168
1241700000,0.017967661743751234,-0.01507242092956995,0.12986966028017116,0.021770079049610373,0.10034840645185682,0.05629732217772971,0.03296329607313288
1242000000,-0.08133275608155413,-0.12955446128247589,-0.11997874441286728,-0.08134990487588437,-0.10116101342749141,-0.08696438224848863,0.08436624047725873
1242300000,0.08584121265318305,0.016491531827869887,-0.17528297216630673,0.09177341374495546,0.003092805231282073,0.1596047370221124,0.1086299511737971
1242600000,-0.17768740388519313,-0.02013560487431542,0.09055548334293542,-0.18577177181779778,-0.015383796883588378,-0.10970652977863374,-0.012070721331313967
1242900000,-0.07863284689631939,0.1986202715184432,0.16056060035600678,-0.08100635241321834,-0.08134363133614361,-0.06598492396460089,0.2093445505194676
1243200000,-0.14503256279168605,-0.21630818646925296,-2.151700754977068,-0.12909917675932298,-0.07797533041962744,-0.07021883440904281,0.04667550084482994
1243500000,-0.2190847447211494,0.03391557383589413,-0.17725099742708195,-0.21491044516444605,0.006951635407485107,-0.12705692196728552,-0.006652380450989993
1243800000,-0.1914400306723612,0.21019834639982182,0.08292737789870691,-0.17277102336217254,-0.026764075708322746,-0.1341076789523153,0.03450799851708491
1244100000,-0.16757518948290162,0.12977093256494732,-0.1918641718131953,-0.1572297948536748,0.0066900198023188,-0.04960228273467872,0.04166115906523186
1244400000,-0.184557827258739,-0.18878268330934367,-0.0006618080125772623,-0.17717391939686622,-0.08147443913872678,-0.021675755068482242,-0.042822182292450744
1244700000,-0.13385547993906927,0.00043447709588660254,-0.0924212147750632,-0.14187655376349612,-0.14841533211065566,-0.14085392809257244,0.22608797775279782
1245000000,-0.07898141290974571,0.2528255529992588,-0.0379254208024701,-0.0760176713718555,-0.022022292864683456,-0.14009772367962423,0.3334542215215763
1245300000,-0.3516105755810779,-0.08213559098618446,0.1515926811043014,-0.3552877895806442,-0.1497234101364872,-0.09239070012422229,-0.0697950634291511
1245600000,-0.23406477568401182,-0.017061401832670953,0.052266087920962025,-0.23507155021037388,-0.014370036413568942,-0.11440703443532027,0.13275107395243224
1245900000,-0.23543848035742826,0.36096238723380253,0.1602498920364306,-0.2258950831154785,-0.034612543863311966,-0.07974081259225706,0.026428016502566726
1246200000,-0.27108602163226053,0.5578608223246838,0.30964623523943396,-0.2552778595277052,-0.07136953638917816,-0.12042091539313979,-0.0946053611443186
1246500000,-0.2825628206769416,0.815118956950816,0.22365724451392785,-0.2560192095787214,-0.019471540714311935,-0.07189511731969939,-0.16711131739812718
1246800000,-0.266566666257173,0.5678840051583789,0.2668067851812806,-0.24658959856396678,-0.06495995406260364,0.07067533642171203,-0.12450129459803577
1247100000,-0.41270794343757444,0.23587719287152095,0.4535085111758698,-0.3984488279166351,-0.11702145949069877,-0.07597349636005982,-0.23885680475645177
1247400000,-0.5857924522802835,0.22344161459542441,0.4367438515470447,-0.5696283628671276,-0.07738669530800323,-0.14043262271829796,-0.345417508736156
1247700000,-0.46585340424126,0.33357920828878423,0.33714114182523497,-0.4579557307921047,-0.18141160031225617,-0.10638852649156087,-0.3338678873859918
1248000000,-0.539681195407334,0.35773874376652254,0.40329792319027463,-0.5250298287005079,-0.1515220174220056,-0.130340362720118,-0.30401948323824235
1248300000,-0.5689291349103806,0.18248070554980975,0.37941476917815614,-0.557441291296764,-0.1511295940142561,-0.14962625682622896,-0.3188723913531655
1248600000,-0.5193853263597075,0.4882251420839155,0.38895592365961645,-0.49772644877283856,-0.15299360520106606,0.0672882080661585,-0.3356502363597826
1248900000,-0.5115116995732102,0.2779162078449346,0.34534062936808785,-0.49104525745941247,-0.1531244130036492,0.016757783006778246,-0.3130500513721156
1249200000,-0.7013265253333477,0.12617012992820634,0.3137682165844285,-0.6823135706215873,-0.18141160031225617,-0.15028294497679545,-0.4449438754326328
1249500000,-0.6839885863487567,0.2351513393755771,0.23327067110948446,-0.6653348462824605,-0.18141160031225617,-0.14440731415593727,-0.41996722514657797
1249800000,-0.40738222531919793,0.7050205024165513,0.24955598748584212,-0.3801953431239318,-0.0885053585275713,0.04945394039814196,-0.30204701704058057
1250100000,-0.318498592932351,0.7030261843553919,0.12277587431195279,-0.29680702366603234,0.039424672398753,0.011296902596804183,-0.32199744322054524
1250400000,-0.38196279884095646,0.687062744602686,0.02875108929347055,-0.35765649340218375,-0.049066806048750446,-0.09387688909655702,-0.25119065965508386
1250700000,-0.3177737404663643,0.8567594641225349,0.10286459802324491,-0.28431708347726586,0.06669809923734053,-0.03574270650430149,-0.1952486665310375
1251000000,-0.31874046375520837,0.7061804447679124,0.15558988495316387,-0.2971460557015581,-0.009562849668638039,-0.13262148997998055,-0.1358370340713451
1251300000,-0.302034846921811,0.6039098220526499,0.13156959923737557,-0.2823823406611992,-0.05299104012624507,-0.07051261595008573,-0.142039608500137
1251600000,-0.15153077489894948,0.3509819016645748,-0.09838235421599974,-0.1358391336255737,-0.03229070536746098,-0.11793241292783518,0.05292560457958959
1251900000,-0.2321434891476928,0.278688316710718,0.2166184347692534,-0.21860815456524618,0.024839602410731357,-0.004325362879830484,-0.1585322776709476
1252200000,-0.24502173296016352,0.16924099545957932,0.22693790432559663,-0.239863202979137,-0.04429232125446534,-0.14316306292328498,0.017088507879903098
1252500000,-0.037134805717775124,0.3737786827847323,0.07500771315658576,-0.03047701783846913,0.19384328334816586,-0.02762051095782109,0.04983619969168556
1252800000,-0.03149862654319368,0.287788171200308,0.016850898882663112,-0.02604247881379302,0.10499208344355877,-0.14330131306024632,0.04904008381672565
1253100000,0.027306193513933222,0.15396960720178068,-0.03708448267558569,0.028044431920405857,-0.029838059069026854,0.06013376347840766,0.1823241400767995
1253400000,-0.011363498042415099,0.3323409876192329,0.12786024842414437,-0.006030547863496453,0.027553864314331822,-0.08696438224848858,0.10644360309928043
1253700000,-0.044416010488821225,0.4167463632603094,0.0012605066803078793,-0.03842392875119132,-0.015318392982296812,-0.13746024477362848,0.25107528115915556
1254000000,-0.22386174097274483,0.16184369439062235,0.17113641971875979,-0.22320994939411498,-0.08827644487305077,-0.014037435001366628,-0.04947628512793628
1254300000,-0.01901634407780457,0.2125431378401501,0.010557047852519362,-0.018986092047718294,0.0005420530809105734,0.11802600833098077,0.13693365287759457
1254600000,-0.11055143548505623,0.07901455942946317,0.11747283072634315,-0.11513557732280476,-0.044913658316735314,-0.05506316314465279,-0.054252980377695575
1254900000,0.0545469661884914,0.17635008999338217,-0.059016907317482,0.04890168274594647,0.012936092375664393,-0.02267806856145217,0.19831775153494874
1255200000,0.03034335384651431,0.12604025908211836,-0.17747831484577783,0.030548748556155646,0.06329709637017857,0.04568662416594462,0.018169799590669455
1255500000,0.14344332861864667,-0.04773227014167016,-0.19453268064136492,0.13466322645252576,0.060190411058828636,0.05111294204167835,0.2030469174787403
1255800000,0.07371803140947536,-0.11970918371739458,0.21107757268854008,0.0572915955184223,-0.04053159693019968,-0.1585088281259969,0.13762282781412702
1256100000,0.17333879032459817,0.07059964022403589,0.25202744670378346,0.16087266301223202,0.1254962064984681,0.025191041361421702,0.18315590293123526
1256400000,0.10168802656488728,0.10510258801897387,-0.02374317395549106,0.09699902751919144,0.017808683021886842,0.0314122975246833,0.0697034495862067
1256700000,0.023267919775511077,0.06962827745740519,0.04223138284836561,0.016698159798146022,-0.023199563087931814,0.08173534737862152,-0.036215608762932956
1257000000,0.22709681321225253,0.18446257024216617,0.06887323140367997,0.22010834025928103,0.02732495065981131,-0.045281965954635954,0.09957561838694
1257300000,-0.0065108815335555275,-0.0501339912679549,0.40929589094988744,-0.020730976923890504,-0.05953143025540276,-0.04407227725622398,0.1523569126641307
1257600000,0.17576870859130936,0.09680152818545933,0.6121630975077175,0.15708906549576526,0.0744811634910382,-0.11509828512012711,0.16313418279231892
1257900000,0.04624697795148976,-0.0006229550127665236,0.27943896238870414,0.036895428261196635,0.021471301494215157,-0.009682555687083531,0.07212744419056209
1258200000,0.3052490190902155,0.12734074659568434,0.15287628326748123,0.2912598634482731,0.03628528513675729,0.06967302292874207,0.2737467601057742
1258500000,0.23301647335125136,-0.09809013547545967,0.3834391522836018,0.21563311739034194,0.04276027136462344,0.0785210316942697,0.24587082215568656
1258800000,0.437363688551351,0.07921737143568275,0.18075108173507015,0.42708965816128686,0.29083726896357437,0.023532039717885304,0.17438674598018464
1259100000,0.01944738677785453,-0.19596649805596425,0.367387330429709,-0.00013591087248973112,-0.06613722428585202,-0.011445244933340957,0.11305017662879821
1259400000,0.17262286788899192,0.05254581356511919,0.6280401073249501,0.15384791923613964,-0.006390760455996582,-0.08506344286526978,0.19449164240454453
1259700000,0.1392481143463045,-0.1017656583250184,0.6296498605671285,0.12610153744871694,-0.07218708515532288,0.05201156793192725,0.07847260653725727
1260000000,0.3939740009373249,0.36870838262924227,0.3814878052030027,0.3867312846523082,0.07379442252747666,-0.04811609376234402,0.3085382120741701
1260300000,0.17830920723422095,0.18097562697733796,0.6735591849980573,0.16056527396668865,0.06486679000117639,-0.0754204958122143,0.17348368916679732
1260600000,0.2866669558730477,0.11255326066851497,1.3746907305779537,0.2553495902453917,0.02006511761644627,0.020006661225370384,0.26407454634133626
1260900000,0.07467525466599981,-0.13884111630411022,1.8667643762028172,0.035611626953339325,-0.06862257253493192,-0.09439532711016217,0.09387210167080953
1261200000,0.09713903108896256,-0.19567117531006553,1.750423568398389,0.05821376265505217,0.004826008615508834,-0.10649221409428192,0.22341322508592285
1261500000,0.429113860484997,-0.021466336283545797,1.3775464056503215,0.38720140907490375,0.13573191705059984,0.12034169812508373,0.4739164321889699
1261800000,0.3667377882782802,0.12099308661154812,0.6800772648950124,0.3459751135549796,0.10731392193940976,0.012333778624014429,0.32771628703215877
1262100000,0.2541111051163111,0.1856367450150165,0.293947126010746,0.23773800610661705,0.06705782069444423,-0.03484408061405259,0.17336486590187797
1262400000,0.08714404708549511,-0.006892336678712749,1.1854798650324327,0.0675032404284562,0.009829407064314476,-0.028104386437185908,0.06550898833455238
1262700000,0.21406048886198345,-0.2118641128592831,1.2171813792848623,0.18219099740608755,-0.06666045549618463,-0.062252170266643966,0.29836694059707075
1263000000,0.33646346528342247,0.1006442819875149,1.136464546626122,0.3081029749731895,0.06699241679315263,0.057645261013103,0.3305442807372402
1263300000,0.6186072051514387,0.09365972114174169,1.1437192461475183,0.5634121794325976,0.06476868414923903,0.079765282926922,0.36755772775962864
1263600000,0.23702054697332287,0.13711130394794793,0.7201555495684625,0.21587722045592037,0.026441997992375007,-0.11392315895595548,0.36673784723168473
1263900000,0.453494743430058,0.00404172113028427,0.5116542066630085,0.4284729088662315,-0.04442312905704849,-0.06197566999272123,0.6213048099949747
1264200000,0.41993321925196686,0.03998214349562077,0.3402791105398418,0.4046231352737841,0.11836718125768628,0.03314042423670041,0.4235116032101668
1264500000,0.5183491840683161,-0.15308421210932183,0.7064479385948714,0.4850686566633205,0.0005420530809105762,0.05539869628748073,0.6705214063245838
1264800000,0.2974874926850897,-0.06335235272595163,0.7090423221778144,0.27705668137331674,0.016958432305096378,0.10299130593643195,0.43881603973178346
1265100000,0.546647120339401,-0.15108455689010397,0.494290367968599,0.5141078806128813,-0.0732335475759881,0.1076572480588781,1.0200043931054785
1265400000,0.5108331384983292,0.07274517776351691,0.32971811622613423,0.4893811441552074,0.11692829542927154,0.009499650816306361,0.5353955894582596
1265700000,0.20474095715644067,-0.2783544279509615,0.8428541414270432,0.17299644860263078,-0.06126463363962954,-0.09083538608340692,0.3766595898524534
1266000000,0.24614741802342383,-0.2618199122860057,0.7742645077426178,0.21597214942586757,0.03214848838006509,-0.011704463940143527,0.42544842242835273
1266300000,0.21674139798257894,-0.30802902675572413,0.6043669748409746,0.19031872540442352,0.045311023514994914,0.03818655423579035,0.3367706198190159
1266600000,0.3179501823002487,-0.12709581047023474,0.06915737817704991,0.30824762864168054,0.19273141702620908,0.15300329298220705,0.36771219800402366
1266900000,0.14393657029668105,-0.18322848082322446,0.13511772764223814,0.1226931353848986,-0.10750519185277438,0.029373108004503126,0.3122930272456226
1267200000,-0.0954961642662224,-0.2501208618219698,0.2914694896890357,-0.10908724580902643,0.03684121829773572,-0.16438445894685505,-0.004774972865263705
1267500000,-0.474133252409744,-0.3289115471855984,0.4117895877413969,-0.48472570031721346,-0.16316391185190626,-0.1740274059999105,-0.3393099929192996
1267800000,-0.042106362631276324,-0.01584808790072565,0.8336802157646446,-0.057093292840806144,-0.025619507435720175,0.22392561324338914,-0.16409320646917483
1268100000,0.17119634303587847,-0.17750704738460843,0.7250904377694458,0.14462624786984077,-0.010249590632199594,-0.17734540928698336,0.4158593849493584
1268400000,0.20630998249434834,0.14518464503763695,0.42410549723585217,0.18926094545358335,0.06813698506575522,0.021112662321061355,0.3265042897299811
1268700000,0.06937917664846059,-0.030642690038639644,0.24264998547219926,0.05248186104109778,-0.10675304698792125,0.022875351567318767,0.1962739913783353
1269000000,-0.04147214047361877,0.7165612171915211,0.272685534838154,-0.04136672681955433,-0.08945371509629915,-0.022954568835374913,-0.15664298775872945
1269300000,0.12723475347621158,0.08151946561154384,0.2156708670511025,0.11613851603140188,-0.01643025930425361,0.04910831505573852,0.2982718819851352
1269600000,0.14622911809605071,0.23005969058785344,0.06557712883258894,0.13910228590434215,-0.11110240642381108,0.1878768900307123,0.24301906379762123
1269900000,0.11699675864600835,0.19256437617483332,0.11095598625014175,0.11363419939565213,-0.030753713687108938,0.04544468642626224,0.28356156178811537
1270200000,0.02784579534968736,0.13042918205881796,0.6180696441315505,0.009311781850826241,-0.030001568822255815,-0.11295540799722592,0.28306250407545397
1270500000,0.022485117112374765,-0.06371172136855127,0.4566298017103009,0.0032905728998899363,-0.09380307453218902,-0.05485578793921073,0.18531848635276807
1270800000,-0.11777013004343918,-0.04021221443736971,0.274004346492816,-0.12527489539859313,0.07981158144630167,-0.13984505963621213,0.1117906500206527
1271100000,0.019061305464385347,-0.043964236552432305,0.23323731474913226,0.005216274861675868,-0.025913824991532244,0.03580173937320674,0.18876436103543018
1271400000,0.03000800270563186,-0.13665999771090645,0.09203613511634348,0.017195406783583694,-0.03444903411008303,-0.004083425140148074,0.3815194613876562
1271700000,0.01295354468545819,-0.018452621033229973,0.11187575700133268,-0.000271523686700003,-0.061068421935754805,-0.07559330848341604,0.29660835627626386
1272000000,-0.1423298035967555,0.33568916477454247,0.14396951734308802,-0.13946451619212852,-0.0021068049213982766,-0.062355857869364976,-0.07100706073132877
1272300000,-0.31056777595128954,-0.04888865438765911,0.3952355673510916,-0.3230571440700017,-0.18101917690450672,-0.1533935730584262,-0.10380228184907903
1272600000,-0.024892304068133076,0.14527003956657153,-0.14241151446004544,-0.021879165417537524,0.032361051059262715,0.25382220536128514,0.07766460833580542
1272900000,-0.027982854582350388,-0.251085108377856,-1.4790583208345787,-0.021788756874730655,-0.0522715972120377,-0.09436076457592182,0.15751384236163204
1273200000,-0.0011965634539626497,-0.04150202763481892,-0.0939521353929366,-0.005027013038340389,0.06418004903761484,-0.028104386437185876,0.21490547931769488
1273500000,0.08598371313797727,-0.14658889075223616,0.41681249967108713,0.06682065593026446,-0.04025363034971046,-0.0004889215791525138,0.26881559461161975
1273800000,0.19852413600648433,0.0035684931157718746,0.2583070903952587,0.18962257962481074,0.07212662304454141,-0.058208353760523926,0.4245810125944412
1274100000,-0.11023413440558107,-0.1831822254533849,0.2746053786895311,-0.12211511682749367,-0.0788582830870637,-0.16863565065841712,0.1654987657642147
1274400000,-0.02607942810679224,0.18292546872134394,-0.068571651427234,-0.025025382707215917,-0.01087092769446958,-0.10345071108113181,0.15613549248856717
1274700000,-0.13211460884411938,0.27199907861084344,-0.21369282111177385,-0.12184389119907314,-0.07692886799896222,0.040363993892931944,0.06808745318330307
1275000000,0.03775090904741124,-0.01213342589207189,-0.15747561742128932,0.038206352131895945,0.06326439441953277,-0.07023611567616297,0.2627199611212553
1275300000,-0.19562080489557757,-0.20630279416241934,-0.13294695606531962,-0.1924167997141014,0.0015885155015758039,-0.11800153799631587,0.14199552396316031
1275600000,0.02996354255437606,0.4153551440597504,0.08388853524514946,0.05405496968593701,0.49378557467133743,-0.13818605799267566,0.16393029866727882
1275900000,-0.16983391716721336,0.052954995682930675,0.19964993071605422,-0.16410988496127615,0.004891412516800427,-0.02233244321904876,0.016922155309015936
1276200000,0.02332586997266074,0.37221133736824574,0.12198211647764834,0.04225665484964292,0.18046818553403843,0.014718593486598052,0.18781377491607515
1276500000,-0.13636036328840193,-0.008059395240818524,-0.05330679259350052,-0.13631829890245004,-0.08876697413273761,-0.008853054865315305,0.10273631723379564
1276800000,-0.11593073378571528,-0.03737106729760917,0.04882111714904013,-0.11269454666701977,-0.03807895063176556,0.007736961570048932,0.0944424533424226
1277100000,-0.06312119412485126,0.308277520986546,-0.10898658825608973,-0.04178712654360619,0.16300534388918744,0.18462801181212016,0.06918062722056134
1277400000,-0.31639357577097055,0.5990957054839637,-0.0442357157088542,-0.29525651715689494,-0.03232340731810678,-0.11934947683168921,-0.07511834569753949
1277700000,-0.08057940351860861,0.6099408106586539,-0.19225302049544832,-0.0669026197353495,-0.08261900741132937,-0.08267862800268615,-0.021647876483816293
1278000000,-0.21753889946210161,0.7543429590870092,-0.1330476428567529,-0.19715420735718037,-0.12640691932604006,-0.11347384601083103,-0.264094866225329
1278300000,-0.38154707742665006,0.20200758783284772,-0.07252685097046778,-0.3711002437175625,-0.12516424520150013,-0.11865822614688236,-0.1486461820296548
1278600000,-0.24404094962348644,0.7477248830945801,-0.17553190944819394,-0.2195574442647182,-0.09484953695285425,-0.11578953580493394,-0.14833724154086436
1278900000,-0.1353107997177308,0.5084494130199191,-0.1538471866674309,-0.11104007033365437,-0.009399339915409094,-0.017804751233563912,-0.18507739505393817
1279200000,-0.43498874923806136,0.04118122500607704,0.11276093597141765,-0.42921485503380663,-0.15283009544783713,-0.15678070141397976,-0.31508192920223704
1279500000,-0.37985911168410086,0.3278542167447958,0.24898522309759474,-0.372148982814122,-0.1147323229454936,-0.12850854840537987,-0.26321557406492563
1279800000,-0.36307293457663314,0.6437463698006262,-0.16375773195427215,-0.35056846364612654,-0.15207795058298398,0.05484569573963531,-0.26718427111323306
1280100000,-0.4552483281622269,0.00592040076684479,-0.14596705538943078,-0.44915897957699796,-0.12555666860924958,-0.06650336197820603,-0.33695729227389576
1280400000,-0.6703020797865331,0.004568320725380788,-0.28819672279974345,-0.6582558573806842,-0.18141160031225617,-0.15740282703030595,-0.4177333477660936
1280700000,-0.6624033729147122,0.004351276297672083,0.11674763874387292,-0.6531839381292197,-0.18141160031225617,-0.15930376641352473,-0.42310415934044987
1281000000,-0.6869541164376478,-0.058926069642843186,0.12755818804984456,-0.6781638185067528,-0.18141160031225617,-0.1609282055228208,-0.4379570674553729
1281300000,-0.6789452091909193,-0.016495663078479453,0.06853843237940503,-0.669629252065786,-0.18141160031225617,-0.15947657908472648,-0.4256232125567408
1281600000,-0.6193868465702005,-0.010962809224593868,0.16198936445775608,-0.6109541077841394,-0.18141160031225617,-0.02917582499863651,-0.41457264891923795
1281900000,-0.24721863542791597,-0.36436645876171275,-0.11660028584296349,-0.2456711993881911,-0.10063778221715879,-0.1574108901869033,-0.3805179011933423
1282200000,-0.32474549357442767,0.0012923779832455045,0.25073679655666153,-0.32698649174157585,-0.18141160031225617,-0.006701588519846546,-0.6466820146127641
1282500000,-0.5015815214066541,0.04801366466189323,0.24036018575617685,-0.48655160886158155,-0.1497234101364872,-0.14623965453664556,-0.24898054692758328
1282800000,-0.08535050975016592,0.3431362793187113,0.27792248341343645,-0.07744425582662838,-0.04654875584902473,0.08543353854233815,0.1331313084001743
1283100000,-0.026425989285811805,0.001508350105225414,0.1192530720325433,-0.021418081849222552,0.04367592598270551,-0.06270148321176838,0.1771196810733305
1283400000,-0.06195497015729528,0.045796087673916006,0.07397490140642381,-0.058955708822627295,-0.008549089198618584,-0.11710291210606696,0.16621170535373098
1283700000,-0.10807420705739328,-0.05379528169602451,0.1785205295641164,-0.10071541474511198,0.011235590942083377,-0.10604290114915747,0.004683359022319299
1284000000,-0.109953693451506,0.16107870173558353,0.20476704347822036,-0.10520871932261246,-0.01656106710683677,-0.02706751040997562,-0.01958035167421904
1284300000,-0.2384902707397815,0.15256415557973255,0.09186255850043706,-0.23063249075855746,-0.062114884356420035,-0.048703656844429816,-0.11967707004230886
1284600000,-0.20077476242961537,-0.052414736811582326,0.03194094567973643,-0.20279570042832792,-0.05145404844589301,0.025847729511988233,0.04066304363990905
1284900000,-0.10795184664111664,0.032983350228358466,0.11838951292564964,-0.10280385208395024,0.00809620368008774,-0.09754051772603331,0.08859634870838884
1285200000,-0.29438523503259034,-0.29419847553903666,-0.006427693563484728,-0.3011430660526058,-0.09115421652988016,-0.16479920935773917,-0.0713169267621598
1285500000,0.39862921090976305,-0.7229541222727075,-0.7244242317776294,0.3840742262527718,-0.09890457883293201,-0.19414280092778968,0.5463401376993756
1285800000,-0.05444538460928564,-0.12374407520955294,0.18798570566921904,-0.06937077295397653,0.027063335054645,-0.1187619137496034,0.08334436039895204
1286100000,0.13417243707858031,0.07546357026793403,-0.0317017544513564,0.12958226634678072,0.04992199855605109,-0.016249437192748534,0.02276825994304966
1286400000,0.0031631913781552667,0.2318921148545744,0.03273532122441841,-0.000687402983611526,-0.04792223777614786,-0.10656133916276263,0.13712377010146562
1286700000,0.20761832694540577,0.32628865038099536,-0.17326120610274212,0.21053407557603546,0.06136768128207705,0.00379683266664992,0.24121295017084662
1287000000,-0.019794586725427412,0.094873035073687,0.1599107690395173,-0.023624050293709755,-0.07365867293438334,-0.07483293273012849,0.07816366604846688
1287300000,0.21305082542705472,0.20906331078606644,0.3814970708586562,0.20366302632271474,-0.042297502265072257,0.30594250699572106,0.12348285928872026
1287600000,0.189514305354561,0.1393778170700863,0.6367973873381357,0.17542843840413508,0.07209392109389565,-0.018219501644448036,0.12234215594549414
1287900000,-0.08704835552632757,-0.007858362287285075,0.9559689567881579,-0.10036734185530553,-0.11659633413230354,0.18694370160622303,-0.05540556604741357
1288200000,0.016122755467281934,0.06938988439746283,1.3297535360798782,-0.004493602635779922,-0.033239061936188856,-0.07607718396278079,-0.05910096958640643
1288500000,-0.2091138907997738,0.07294798976973653,1.5223204221030484,-0.23055112307003128,-0.10125911927942878,-0.14793269264845216,-0.18999667822160068
1288800000,0.24445983228216733,0.14822682513093094,0.3248752668713078,0.2414266746531366,0.12219330948324347,0.2399626291309079,0.07084415292943282
1289100000,0.25229355893292227,-0.1170050236344666,-0.9121601818361389,0.26008699788847073,-0.01018418673090801,0.028543607182734916,0.2150243025826143
1289400000,0.18863688236952134,-0.14716352476985836,-0.5269652564624856,0.1892519045993026,0.0320994354540964,-0.09646907916458268,0.10958053729315223
1289700000,0.0905490486694917,-0.17864564110373599,-0.13960834476971354,0.08983867092888881,0.028502220883059665,-0.03359982938140031,-0.024737281371720356
1290000000,0.13978201616266683,-0.10356605964338884,-0.09027552322968053,0.13834285414476463,0.07022990990708569,-0.07925693711289228,0.04346727269200645
1290300000,-0.046262056769168905,-0.2897154584046314,0.011853004223236971,-0.046895209212193284,0.0385417197313167,-0.08748282026209374,-0.08141597873826692
1290600000,0.07572415192999281,-0.2920321010008227,-0.16913158196783176,0.06791003793236618,-0.02607016954961532,-0.08305062709309888,-0.03569507746812744
